{
	"start":	{
		"connected":	[{
				"socket":	5,
				"local_host":	"10.255.28.151",
				"local_port":	39158,
				"remote_host":	"10.255.28.223",
				"remote_port":	5201
			}],
		"version":	"iperf 3.7",
		"system_info":	"Linux mini-api-5gasp-tests 5.4.0-128-generic #144-Ubuntu SMP Tue Sep 20 11:00:04 UTC 2022 x86_64",
		"timestamp":	{
			"time":	"Thu, 15 Feb 2024 16:27:34 GMT",
			"timesecs":	1708014454
		},
		"connecting_to":	{
			"host":	"10.255.28.223",
			"port":	5201
		},
		"cookie":	"ydacyxpyi5upw4faclj2mc53545g6hmmgfiy",
		"tcp_mss_default":	1448,
		"sock_bufsize":	0,
		"sndbuf_actual":	16384,
		"rcvbuf_actual":	131072,
		"test_start":	{
			"protocol":	"TCP",
			"num_streams":	1,
			"blksize":	131072,
			"omit":	0,
			"duration":	5,
			"bytes":	0,
			"blocks":	0,
			"reverse":	0,
			"tos":	0
		}
	},
	"intervals":	[{
			"streams":	[{
					"socket":	5,
					"start":	0,
					"end":	1.000088,
					"seconds":	1.0000879764556885,
					"bytes":	1437602144,
					"bits_per_second":	11499805439.876293,
					"retransmits":	0,
					"snd_cwnd":	3305784,
					"rtt":	1266,
					"rttvar":	86,
					"pmtu":	1500,
					"omitted":	false,
					"sender":	true
				}],
			"sum":	{
				"start":	0,
				"end":	1.000088,
				"seconds":	1.0000879764556885,
				"bytes":	1437602144,
				"bits_per_second":	11499805439.876293,
				"retransmits":	0,
				"omitted":	false,
				"sender":	true
			}
		}, {
			"streams":	[{
					"socket":	5,
					"start":	1.000088,
					"end":	2.000092,
					"seconds":	1.0000040531158447,
					"bytes":	1490288640,
					"bits_per_second":	11922260797.695856,
					"retransmits":	0,
					"snd_cwnd":	3305784,
					"rtt":	933,
					"rttvar":	189,
					"pmtu":	1500,
					"omitted":	false,
					"sender":	true
				}],
			"sum":	{
				"start":	1.000088,
				"end":	2.000092,
				"seconds":	1.0000040531158447,
				"bytes":	1490288640,
				"bits_per_second":	11922260797.695856,
				"retransmits":	0,
				"omitted":	false,
				"sender":	true
			}
		}, {
			"streams":	[{
					"socket":	5,
					"start":	2.000092,
					"end":	3.000078,
					"seconds":	0.99998599290847778,
					"bytes":	1546649600,
					"bits_per_second":	12373370114.927637,
					"retransmits":	0,
					"snd_cwnd":	3305784,
					"rtt":	745,
					"rttvar":	95,
					"pmtu":	1500,
					"omitted":	false,
					"sender":	true
				}],
			"sum":	{
				"start":	2.000092,
				"end":	3.000078,
				"seconds":	0.99998599290847778,
				"bytes":	1546649600,
				"bits_per_second":	12373370114.927637,
				"retransmits":	0,
				"omitted":	false,
				"sender":	true
			}
		}, {
			"streams":	[{
					"socket":	5,
					"start":	3.000078,
					"end":	4.000079,
					"seconds":	1.0000009536743164,
					"bytes":	1612185600,
					"bits_per_second":	12897472500.01173,
					"retransmits":	0,
					"snd_cwnd":	3305784,
					"rtt":	925,
					"rttvar":	169,
					"pmtu":	1500,
					"omitted":	false,
					"sender":	true
				}],
			"sum":	{
				"start":	3.000078,
				"end":	4.000079,
				"seconds":	1.0000009536743164,
				"bytes":	1612185600,
				"bits_per_second":	12897472500.01173,
				"retransmits":	0,
				"omitted":	false,
				"sender":	true
			}
		}, {
			"streams":	[{
					"socket":	5,
					"start":	4.000079,
					"end":	5.000113,
					"seconds":	1.000033974647522,
					"bytes":	1440481280,
					"bits_per_second":	11523458734.55126,
					"retransmits":	0,
					"snd_cwnd":	3305784,
					"rtt":	997,
					"rttvar":	201,
					"pmtu":	1500,
					"omitted":	false,
					"sender":	true
				}],
			"sum":	{
				"start":	4.000079,
				"end":	5.000113,
				"seconds":	1.000033974647522,
				"bytes":	1440481280,
				"bits_per_second":	11523458734.55126,
				"retransmits":	0,
				"omitted":	false,
				"sender":	true
			}
		}],
	"end":	{
		"streams":	[{
				"sender":	{
					"socket":	5,
					"start":	0,
					"end":	5.000113,
					"seconds":	5.000113,
					"bytes":	7527207264,
					"bits_per_second":	12043259444.736549,
					"retransmits":	0,
					"max_snd_cwnd":	3305784,
					"max_rtt":	1266,
					"min_rtt":	745,
					"mean_rtt":	973,
					"sender":	true
				},
				"receiver":	{
					"socket":	5,
					"start":	0,
					"end":	5.000922,
					"seconds":	5.000113,
					"bytes":	7525791376,
					"bits_per_second":	12039046201.480446,
					"sender":	true
				}
			}],
		"sum_sent":	{
			"start":	0,
			"end":	5.000113,
			"seconds":	5.000113,
			"bytes":	7527207264,
			"bits_per_second":	12043259444.736549,
			"retransmits":	0,
			"sender":	true
		},
		"sum_received":	{
			"start":	0,
			"end":	5.000922,
			"seconds":	5.000922,
			"bytes":	7525791376,
			"bits_per_second":	12039046201.480446,
			"sender":	true
		},
		"cpu_utilization_percent":	{
			"host_total":	47.023792298730328,
			"host_user":	1.1153866431884591,
			"host_system":	45.908286731707435,
			"remote_total":	42.132813119262266,
			"remote_user":	2.8921654187445878,
			"remote_system":	39.240726768417829
		},
		"sender_tcp_congestion":	"cubic",
		"receiver_tcp_congestion":	"cubic"
	}
}
